TimeStamp,VehicleModel,SteeringAngle,AccelPedalRate,BrakePedalRate,Velocity,YawRate,RollRate,PitchRate,Latitude,Longitude,Height,Roll,Pitch,Yaw
0,IONIQ6,0,0,0,0,0,0,0,0,0,0,0,0,0
0.1,IONIQ6,0,0,0,0,0,0,0,0,0,0,0,0,0
0.2,IONIQ6,0,0,0,0,0,0,0,0,0,0,0,0,0
0.3,IONIQ6,0,0,0,0,0,0,0,0,0,0,0,0,0
0.4,IONIQ6,0,0,0,0,0,0,0,0,0,0,0,0,0
0.5,IONIQ6,0,0,0,0,0,0,0,0,0,0,0,0,0
0.6,IONIQ6,0,0,0,0,0,0,0,0,0,0,0,0,0
0.7,IONIQ6,0,0,0,0,0,0,0,0,0,0,0,0,0
0.8,IONIQ6,0,0,0,0,0,0,0,0,0,0,0,0,0
0.9,IONIQ6,0,0,0,0,0,0,0,0,0,0,0,0,0
1,IONIQ6,0,0,0,0,0,0,0,0,0,0,0,0,0
1.1,IONIQ6,0,0,0,0,0,0,0,0,0,0,0,0,0
1.2,IONIQ6,0,0,0,0,0,0,0,0,0,0,0,0,0
1.3,IONIQ6,0,0,0,0,0,0,0,0,0,0,0,0,0
1.4,IONIQ6,0,0,0,0,0,0,0,0,0,0,0,0,0
1.5,IONIQ6,0,0,0,0,0,0,0,0,0,0,0,0,0
1.6,IONIQ6,0,0,0,0,0,0,0,0,0,0,0,0,0
1.7,IONIQ6,0,0,0,0,0,0,0,0,0,0,0,0,0
1.8,IONIQ6,0,0,0,0,0,0,0,0,0,0,0,0,0
1.9,IONIQ6,0,0,0,0,0,0,0,0,0,0,0,0,0
2,IONIQ6,0,0,0,0,0,0,0,0,0,0,0,0,0
2.1,IONIQ6,0,0,0,0,0,0,0,0,0,0,0,0,0
2.2,IONIQ6,0,0,0,0,0,0,0,0,0,0,0,0,0
2.3,IONIQ6,0,0,0,0,0,0,0,0,0,0,0,0,0
2.4,IONIQ6,0,0,0,0,0,0,0,0,0,0,0,0,0
2.5,IONIQ6,0,0,0,0,0,0,0,0,0,0,0,0,0
2.6,IONIQ6,0,0,0,0,0,0,0,0,0,0,0,0,0
2.7,IONIQ6,0,0,0,0,0,0,0,0,0,0,0,0,0
2.8,IONIQ6,0,0,0,0,0,0,0,0,0,0,0,0,0
2.9,IONIQ6,0,0,0,0,0,0,0,0,0,0,0,0,0
3,IONIQ6,0,0,0,0,0,0,0,0,0,0,0,0,0
3.1,IONIQ6,0,0,0,0,0,0,0,0,0,0,0,0,0
3.2,IONIQ6,0,0,0,0,0,0,0,0,0,0,0,0,0
3.3,IONIQ6,0,0,0,0,0,0,0,0,0,0,0,0,0
3.4,IONIQ6,0,0,0,0,0,0,0,0,0,0,0,0,0
3.5,IONIQ6,0,0,0,0,0,0,0,0,0,0,0,0,0
3.6,IONIQ6,0,0,0,0,0,0,0,0,0,0,0,0,0
3.7,IONIQ6,0,0,0,0,0,0,0,0,0,0,0,0,0
3.8,IONIQ6,0,0,0,0,0,0,0,0,0,0,0,0,0
3.9,IONIQ6,0,0,0,0,0,0,0,0,0,0,0,0,0
4,IONIQ6,0,0,0,0,0,0,0,0,0,0,0,0,0
4.1,IONIQ6,0,0,0,0,0,0,0,0,0,0,0,0,0
4.2,IONIQ6,0,0,0,0,0,0,0,0,0,0,0,0,0
4.3,IONIQ6,0,0,0,0,0,0,0,0,0,0,0,0,0
4.4,IONIQ6,0,0,0,0,0,0,0,0,0,0,0,0,0
4.5,IONIQ6,0,0,0,0,0,0,0,0,0,0,0,0,0
4.6,IONIQ6,0,0,0,0,0,0,0,0,0,0,0,0,0
4.7,IONIQ6,0,0,0,0,0,0,0,0,0,0,0,0,0
4.8,IONIQ6,0,0,0,0,0,0,0,0,0,0,0,0,0
4.9,IONIQ6,0,0,0,0,0,0,0,0,0,0,0,0,0
5,IONIQ6,0,0,0,0,0,0,0,0,0,0,0,0,0
5.1,IONIQ6,0,0,0,0,0,0,0,0,0,0,0,0,0
5.2,IONIQ6,0,0,0,0,0,0,0,0,0,0,0,0,0
5.3,IONIQ6,0,0,0,0,0,0,0,0,0,0,0,0,0
5.4,IONIQ6,0,0,0,0,0,0,0,0,0,0,0,0,0
5.5,IONIQ6,0,0,0,0,0,0,0,0,0,0,0,0,0
5.6,IONIQ6,0,0,0,0,0,0,0,0,0,0,0,0,0
5.7,IONIQ6,0,0,0,0,0,0,0,0,0,0,0,0,0
5.8,IONIQ6,0,0,0,0,0,0,0,0,0,0,0,0,0
5.9,IONIQ6,0,0,0,0,0,0,0,0,0,0,0,0,0
6,IONIQ6,0,0,0,0,0,0,0,0,0,0,0,0,0
6.1,IONIQ6,0,0,0,0,0,0,0,0,0,0,0,0,0
6.2,IONIQ6,0,0,0,0,0,0,0,0,0,0,0,0,0
6.3,IONIQ6,0,0,0,0,0,0,0,0,0,0,0,0,0
6.4,IONIQ6,0,0,0,0,0,0,0,0,0,0,0,0,0
6.5,IONIQ6,0,0,0,0,0,0,0,0,0,0,0,0,0
6.6,IONIQ6,0,0,0,0,0,0,0,0,0,0,0,0,0
6.7,IONIQ6,0,0,0,0,0,0,0,0,0,0,0,0,0
6.8,IONIQ6,0,0,0,0,0,0,0,0,0,0,0,0,0
6.9,IONIQ6,0,0,0,0,0,0,0,0,0,0,0,0,0
7,IONIQ6,0,0,0,0,0,0,0,0,0,0,0,0,0
7.1,IONIQ6,0,0,0,0,0,0,0,0,0,0,0,0,0
7.2,IONIQ6,0,0,0,0,0,0,0,0,0,0,0,0,0
7.3,IONIQ6,0,0,0,0,0,0,0,0,0,0,0,0,0
7.4,IONIQ6,0,0,0,0,0,0,0,0,0,0,0,0,0
7.5,IONIQ6,0,0,0,0,0,0,0,0,0,0,0,0,0
7.6,IONIQ6,0,0,0,0,0,0,0,0,0,0,0,0,0
7.7,IONIQ6,0,0,0,0,0,0,0,0,0,0,0,0,0
7.8,IONIQ6,0,0,0,0,0,0,0,0,0,0,0,0,0
7.9,IONIQ6,0,0,0,0,0,0,0,0,0,0,0,0,0
8,IONIQ6,0,0,0,0,0,0,0,0,0,0,0,0,0
8.1,IONIQ6,0,0,0,0,0,0,0,0,0,0,0,0,0
8.2,IONIQ6,0,0,0,0,0,0,0,0,0,0,0,0,0
8.3,IONIQ6,0,0,0,0,0,0,0,0,0,0,0,0,0
8.4,IONIQ6,0,0,0,0,0,0,0,0,0,0,0,0,0
8.5,IONIQ6,0,0,0,0,0,0,0,0,0,0,0,0,0
8.6,IONIQ6,0,0,0,0,0,0,0,0,0,0,0,0,0
8.7,IONIQ6,0,0,0,0,0,0,0,0,0,0,0,0,0
8.8,IONIQ6,0,0,0,0,0,0,0,0,0,0,0,0,0
8.9,IONIQ6,0,0,0,0,0,0,0,0,0,0,0,0,0
9,IONIQ6,0,0,0,0,0,0,0,0,0,0,0,0,0
9.1,IONIQ6,0,0,0,0,0,0,0,0,0,0,0,0,0
9.2,IONIQ6,0,0,0,0,0,0,0,0,0,0,0,0,0
9.3,IONIQ6,0,0,0,0,0,0,0,0,0,0,0,0,0
9.4,IONIQ6,0,0,0,0,0,0,0,0,0,0,0,0,0
9.5,IONIQ6,0,0,0,0,0,0,0,0,0,0,0,0,0
9.6,IONIQ6,0,0,0,0,0,0,0,0,0,0,0,0,0
9.7,IONIQ6,0,0,0,0,0,0,0,0,0,0,0,0,0
9.8,IONIQ6,0,0,0,0,0,0,0,0,0,0,0,0,0
9.9,IONIQ6,0,0,0,0,0,0,0,0,0,0,0,0,0
10,IONIQ6,0,0,0,0,0,0,0,0,0,0,0,0,0
10.1,IONIQ6,0,0,0,0,0,0,0,0,0,0,0,0,0
10.2,IONIQ6,0,0,0,0,0,0,0,0,0,0,0,0,0
10.3,IONIQ6,0,0,0,0,0,0,0,0,0,0,0,0,0
10.4,IONIQ6,0,0,0,0,0,0,0,0,0,0,0,0,0
10.5,IONIQ6,0,0,0,0,0,0,0,0,0,0,0,0,0
10.6,IONIQ6,0,0,0,0,0,0,0,0,0,0,0,0,0
10.7,IONIQ6,0,0,0,0,0,0,0,0,0,0,0,0,0
10.8,IONIQ6,0,0,0,0,0,0,0,0,0,0,0,0,0
10.9,IONIQ6,0,0,0,0,0,0,0,0,0,0,0,0,0
11,IONIQ6,0,0,0,0,0,0,0,0,0,0,0,0,0
11.1,IONIQ6,0,0,0,0,0,0,0,0,0,0,0,0,0
11.2,IONIQ6,0,0,0,0,0,0,0,0,0,0,0,0,0
11.3,IONIQ6,0,0,0,0,0,0,0,0,0,0,0,0,0
11.4,IONIQ6,0,0,0,0,0,0,0,0,0,0,0,0,0
11.5,IONIQ6,0,0,0,0,0,0,0,0,0,0,0,0,0
11.6,IONIQ6,0,0,0,0,0,0,0,0,0,0,0,0,0
11.7,IONIQ6,0,0,0,0,0,0,0,0,0,0,0,0,0
11.8,IONIQ6,0,0,0,0,0,0,0,0,0,0,0,0,0
11.9,IONIQ6,0,0,0,0,0,0,0,0,0,0,0,0,0
12,IONIQ6,0,0,0,0,0,0,0,0,0,0,0,0,0
12.1,IONIQ6,0,0,0,0,0,0,0,0,0,0,0,0,0
12.2,IONIQ6,0,0,0,0,0,0,0,0,0,0,0,0,0
12.3,IONIQ6,0,0,0,0,0,0,0,0,0,0,0,0,0
12.4,IONIQ6,0,0,0,0,0,0,0,0,0,0,0,0,0
12.5,IONIQ6,0,0,0,0,0,0,0,0,0,0,0,0,0
12.6,IONIQ6,0,0,0,0,0,0,0,0,0,0,0,0,0
12.7,IONIQ6,0,0,0,0,0,0,0,0,0,0,0,0,0
12.8,IONIQ6,0,0,0,0,0,0,0,0,0,0,0,0,0
12.9,IONIQ6,0,0,0,0,0,0,0,0,0,0,0,0,0
13,IONIQ6,0,0,0,0,0,0,0,0,0,0,0,0,0
13.1,IONIQ6,0,0,0,0,0,0,0,0,0,0,0,0,0
13.2,IONIQ6,0,0,0,0,0,0,0,0,0,0,0,0,0
13.3,IONIQ6,0,0,0,0,0,0,0,0,0,0,0,0,0
13.4,IONIQ6,0,0,0,0,0,0,0,0,0,0,0,0,0
13.5,IONIQ6,0,0,0,0,0,0,0,0,0,0,0,0,0
13.6,IONIQ6,0,0,0,0,0,0,0,0,0,0,0,0,0
13.7,IONIQ6,0,0,0,0,0,0,0,0,0,0,0,0,0
13.8,IONIQ6,0,0,0,0,0,0,0,0,0,0,0,0,0
13.9,IONIQ6,0,0,0,0,0,0,0,0,0,0,0,0,0
14,IONIQ6,0,0,0,0,0,0,0,0,0,0,0,0,0
14.1,IONIQ6,0,0,0,0,0,0,0,0,0,0,0,0,0
14.2,IONIQ6,0,0,0,0,0,0,0,0,0,0,0,0,0
14.3,IONIQ6,0,0,0,0,0,0,0,0,0,0,0,0,0
14.4,IONIQ6,0,0,0,0,0,0,0,0,0,0,0,0,0
14.5,IONIQ6,0,0,0,0,0,0,0,0,0,0,0,0,0
14.6,IONIQ6,0,0,0,0,0,0,0,0,0,0,0,0,0
14.7,IONIQ6,0,0,0,0,0,0,0,0,0,0,0,0,0
14.8,IONIQ6,0,0,0,0,0,0,0,0,0,0,0,0,0
14.9,IONIQ6,0,0,0,0,0,0,0,0,0,0,0,0,0
15,IONIQ6,0,0,0,0,0,0,0,0,0,0,0,0,0
15.1,IONIQ6,0,0,0,0,0,0,0,0,0,0,0,0,0
15.2,IONIQ6,0,0,0,0,0,0,0,0,0,0,0,0,0
15.3,IONIQ6,0,0,0,0,0,0,0,0,0,0,0,0,0
15.4,IONIQ6,0,0,0,0,0,0,0,0,0,0,0,0,0
15.5,IONIQ6,0,0,0,0,0,0,0,0,0,0,0,0,0
15.6,IONIQ6,0,0,0,0,0,0,0,0,0,0,0,0,0
15.7,IONIQ6,0,0,0,0,0,0,0,0,0,0,0,0,0
15.8,IONIQ6,0,0,0,0,0,0,0,0,0,0,0,0,0
15.9,IONIQ6,0,0,0,0,0,0,0,0,0,0,0,0,0
16,IONIQ6,0,0,0,0,0,0,0,0,0,0,0,0,0
16.1,IONIQ6,0,0,0,0,0,0,0,0,0,0,0,0,0
16.2,IONIQ6,0,0,0,0,0,0,0,0,0,0,0,0,0
16.3,IONIQ6,0,0,0,0,0,0,0,0,0,0,0,0,0
16.4,IONIQ6,0,0,0,0,0,0,0,0,0,0,0,0,0
16.5,IONIQ6,0,0,0,0,0,0,0,0,0,0,0,0,0
16.6,IONIQ6,0,0,0,0,0,0,0,0,0,0,0,0,0
16.7,IONIQ6,0,0,0,0,0,0,0,0,0,0,0,0,0
16.8,IONIQ6,0,0,0,0,0,0,0,0,0,0,0,0,0
16.9,IONIQ6,0,0,0,0,0,0,0,0,0,0,0,0,0
17,IONIQ6,0,0,0,0,0,0,0,0,0,0,0,0,0
17.1,IONIQ6,0,0,0,0,0,0,0,0,0,0,0,0,0
17.2,IONIQ6,0,0,0,0,0,0,0,0,0,0,0,0,0
17.3,IONIQ6,0,0,0,0,0,0,0,0,0,0,0,0,0
17.4,IONIQ6,0,0,0,0,0,0,0,0,0,0,0,0,0
17.5,IONIQ6,0,0,0,0,0,0,0,0,0,0,0,0,0
17.6,IONIQ6,0,0,0,0,0,0,0,0,0,0,0,0,0
17.7,IONIQ6,0,0,0,0,0,0,0,0,0,0,0,0,0
17.8,IONIQ6,0,0,0,0,0,0,0,0,0,0,0,0,0
17.9,IONIQ6,0,0,0,0,0,0,0,0,0,0,0,0,0
18,IONIQ6,0,0,0,0,0,0,0,0,0,0,0,0,0
18.1,IONIQ6,0,0,0,0,0,0,0,0,0,0,0,0,0
18.2,IONIQ6,0,0,0,0,0,0,0,0,0,0,0,0,0
18.3,IONIQ6,0,0,0,0,0,0,0,0,0,0,0,0,0
18.4,IONIQ6,0,0,0,0,0,0,0,0,0,0,0,0,0
18.5,IONIQ6,0,0,0,0,0,0,0,0,0,0,0,0,0
18.6,IONIQ6,0,0,0,0,0,0,0,0,0,0,0,0,0
18.7,IONIQ6,0,0,0,0,0,0,0,0,0,0,0,0,0
18.8,IONIQ6,0,0,0,0,0,0,0,0,0,0,0,0,0
18.9,IONIQ6,0,0,0,0,0,0,0,0,0,0,0,0,0
19,IONIQ6,0,0,0,0,0,0,0,0,0,0,0,0,0
19.1,IONIQ6,0,0,0,0,0,0,0,0,0,0,0,0,0
19.2,IONIQ6,0,0,0,0,0,0,0,0,0,0,0,0,0
19.3,IONIQ6,0,0,0,0,0,0,0,0,0,0,0,0,0
19.4,IONIQ6,0,0,0,0,0,0,0,0,0,0,0,0,0
19.5,IONIQ6,0,0,0,0,0,0,0,0,0,0,0,0,0
19.6,IONIQ6,0,0,0,0,0,0,0,0,0,0,0,0,0
19.7,IONIQ6,0,0,0,0,0,0,0,0,0,0,0,0,0
19.8,IONIQ6,0,0,0,0,0,0,0,0,0,0,0,0,0
19.9,IONIQ6,0,0,0,0,0,0,0,0,0,0,0,0,0
20,IONIQ6,0,0,0,0,0,0,0,0,0,0,0,0,0
20.1,IONIQ6,0,0,0,0,0,0,0,0,0,0,0,0,0
20.2,IONIQ6,0,0,0,0,0,0,0,0,0,0,0,0,0
20.3,IONIQ6,0,0,0,0,0,0,0,0,0,0,0,0,0
20.4,IONIQ6,0,0,0,0,0,0,0,0,0,0,0,0,0
20.5,IONIQ6,0,0,0,0,0,0,0,0,0,0,0,0,0
20.6,IONIQ6,0,0,0,0,0,0,0,0,0,0,0,0,0
20.7,IONIQ6,0,0,0,0,0,0,0,0,0,0,0,0,0
20.8,IONIQ6,0,0,0,0,0,0,0,0,0,0,0,0,0
20.9,IONIQ6,0,0,0,0,0,0,0,0,0,0,0,0,0
21,IONIQ6,0,0,0,0,0,0,0,0,0,0,0,0,0
21.1,IONIQ6,0,0,0,0,0,0,0,0,0,0,0,0,0
21.2,IONIQ6,0,0,0,0,0,0,0,0,0,0,0,0,0
21.3,IONIQ6,0,0,0,0,0,0,0,0,0,0,0,0,0
21.4,IONIQ6,0,0,0,0,0,0,0,0,0,0,0,0,0
21.5,IONIQ6,0,0,0,0,0,0,0,0,0,0,0,0,0
21.6,IONIQ6,0,0,0,0,0,0,0,0,0,0,0,0,0
21.7,IONIQ6,0,0,0,0,0,0,0,0,0,0,0,0,0
21.8,IONIQ6,0,0,0,0,0,0,0,0,0,0,0,0,0
21.9,IONIQ6,0,0,0,0,0,0,0,0,0,0,0,0,0
22,IONIQ6,0,0,0,0,0,0,0,0,0,0,0,0,0
22.1,IONIQ6,0,0,0,0,0,0,0,0,0,0,0,0,0
22.2,IONIQ6,0,0,0,0,0,0,0,0,0,0,0,0,0
22.3,IONIQ6,0,0,0,0,0,0,0,0,0,0,0,0,0
22.4,IONIQ6,0,0,0,0,0,0,0,0,0,0,0,0,0
22.5,IONIQ6,0,0,0,0,0,0,0,0,0,0,0,0,0
22.6,IONIQ6,0,0,0,0,0,0,0,0,0,0,0,0,0
22.7,IONIQ6,0,0,0,0,0,0,0,0,0,0,0,0,0
22.8,IONIQ6,0,0,0,0,0,0,0,0,0,0,0,0,0
22.9,IONIQ6,0,0,0,0,0,0,0,0,0,0,0,0,0
23,IONIQ6,0,0,0,0,0,0,0,0,0,0,0,0,0
23.1,IONIQ6,0,0,0,0,0,0,0,0,0,0,0,0,0
23.2,IONIQ6,0,0,0,0,0,0,0,0,0,0,0,0,0
23.3,IONIQ6,0,0,0,0,0,0,0,0,0,0,0,0,0
23.4,IONIQ6,0,0,0,0,0,0,0,0,0,0,0,0,0
23.5,IONIQ6,0,0,0,0,0,0,0,0,0,0,0,0,0
23.6,IONIQ6,0,0,0,0,0,0,0,0,0,0,0,0,0
23.7,IONIQ6,0,0,0,0,0,0,0,0,0,0,0,0,0
23.8,IONIQ6,0,0,0,0,0,0,0,0,0,0,0,0,0
23.9,IONIQ6,0,0,0,0,0,0,0,0,0,0,0,0,0
24,IONIQ6,0,0,0,0,0,0,0,0,0,0,0,0,0
24.1,IONIQ6,0,0,0,0,0,0,0,0,0,0,0,0,0
24.2,IONIQ6,0,0,0,0,0,0,0,0,0,0,0,0,0
24.3,IONIQ6,0,0,0,0,0,0,0,0,0,0,0,0,0
24.4,IONIQ6,0,0,0,0,0,0,0,0,0,0,0,0,0
24.5,IONIQ6,0,0,0,0,0,0,0,0,0,0,0,0,0
24.6,IONIQ6,0,0,0,0,0,0,0,0,0,0,0,0,0
24.7,IONIQ6,0,0,0,0,0,0,0,0,0,0,0,0,0
24.8,IONIQ6,0,0,0,0,0,0,0,0,0,0,0,0,0
24.9,IONIQ6,0,0,0,0,0,0,0,0,0,0,0,0,0
25,IONIQ6,0,0,0,0,0,0,0,0,0,0,0,0,0
25.1,IONIQ6,0,0,0,0,0,0,0,0,0,0,0,0,0
25.2,IONIQ6,0,0,0,0,0,0,0,0,0,0,0,0,0
25.3,IONIQ6,0,0,0,0,0,0,0,0,0,0,0,0,0
25.4,IONIQ6,0,0,0,0,0,0,0,0,0,0,0,0,0
25.5,IONIQ6,0,0,0,0,0,0,0,0,0,0,0,0,0
25.6,IONIQ6,0,0,0,0,0,0,0,0,0,0,0,0,0
25.7,IONIQ6,0,0,0,0,0,0,0,0,0,0,0,0,0
25.8,IONIQ6,0,0,0,0,0,0,0,0,0,0,0,0,0
25.9,IONIQ6,0,0,0,0,0,0,0,0,0,0,0,0,0
26,IONIQ6,0,0,0,0,0,0,0,0,0,0,0,0,0
26.1,IONIQ6,0,0,0,0,0,0,0,0,0,0,0,0,0
26.2,IONIQ6,0,0,0,0,0,0,0,0,0,0,0,0,0
26.3,IONIQ6,0,0,0,0,0,0,0,0,0,0,0,0,0
26.4,IONIQ6,0,0,0,0,0,0,0,0,0,0,0,0,0
26.5,IONIQ6,0,0,0,0,0,0,0,0,0,0,0,0,0
26.6,IONIQ6,0,0,0,0,0,0,0,0,0,0,0,0,0
26.7,IONIQ6,0,0,0,0,0,0,0,0,0,0,0,0,0
26.8,IONIQ6,0,0,0,0,0,0,0,0,0,0,0,0,0
26.9,IONIQ6,0,0,0,0,0,0,0,0,0,0,0,0,0
27,IONIQ6,0,0,0,0,0,0,0,0,0,0,0,0,0
27.1,IONIQ6,0,0,0,0,0,0,0,0,0,0,0,0,0
27.2,IONIQ6,0,0,0,0,0,0,0,0,0,0,0,0,0
27.3,IONIQ6,0,0,0,0,0,0,0,0,0,0,0,0,0
27.4,IONIQ6,0,0,0,0,0,0,0,0,0,0,0,0,0
27.5,IONIQ6,0,0,0,0,0,0,0,0,0,0,0,0,0
27.6,IONIQ6,0,0,0,0,0,0,0,0,0,0,0,0,0
27.7,IONIQ6,0,0,0,0,0,0,0,0,0,0,0,0,0
27.8,IONIQ6,0,0,0,0,0,0,0,0,0,0,0,0,0
27.9,IONIQ6,0,0,0,0,0,0,0,0,0,0,0,0,0
28,IONIQ6,0,0,0,0,0,0,0,0,0,0,0,0,0
28.1,IONIQ6,0,0,0,0,0,0,0,0,0,0,0,0,0
28.2,IONIQ6,0,0,0,0,0,0,0,0,0,0,0,0,0
28.3,IONIQ6,0,0,0,0,0,0,0,0,0,0,0,0,0
28.4,IONIQ6,0,0,0,0,0,0,0,0,0,0,0,0,0
28.5,IONIQ6,0,0,0,0,0,0,0,0,0,0,0,0,0
28.6,IONIQ6,0,0,0,0,0,0,0,0,0,0,0,0,0
28.7,IONIQ6,0,0,0,0,0,0,0,0,0,0,0,0,0
28.8,IONIQ6,0,0,0,0,0,0,0,0,0,0,0,0,0
28.9,IONIQ6,0,0,0,0,0,0,0,0,0,0,0,0,0
29,IONIQ6,0,0,0,0,0,0,0,0,0,0,0,0,0
29.1,IONIQ6,0,0,0,0,0,0,0,0,0,0,0,0,0
29.2,IONIQ6,0,0,0,0,0,0,0,0,0,0,0,0,0
29.3,IONIQ6,0,0,0,0,0,0,0,0,0,0,0,0,0
29.4,IONIQ6,0,0,0,0,0,0,0,0,0,0,0,0,0
29.5,IONIQ6,0,0,0,0,0,0,0,0,0,0,0,0,0
29.6,IONIQ6,0,0,0,0,0,0,0,0,0,0,0,0,0
29.7,IONIQ6,0,0,0,0,0,0,0,0,0,0,0,0,0
29.8,IONIQ6,0,0,0,0,0,0,0,0,0,0,0,0,0
29.9,IONIQ6,0,0,0,0,0,0,0,0,0,0,0,0,0
30,IONIQ6,0,0,0,0,0,0,0,0,0,0,0,0,0
30.1,IONIQ6,0,0,0,0,0,0,0,0,0,0,0,0,0
30.2,IONIQ6,0,0,0,0,0,0,0,0,0,0,0,0,0
30.3,IONIQ6,0,0,0,0,0,0,0,0,0,0,0,0,0
30.4,IONIQ6,0,0,0,0,0,0,0,0,0,0,0,0,0
30.5,IONIQ6,0,0,0,0,0,0,0,0,0,0,0,0,0
30.6,IONIQ6,0,0,0,0,0,0,0,0,0,0,0,0,0
30.7,IONIQ6,0,0,0,0,0,0,0,0,0,0,0,0,0
30.8,IONIQ6,0,0,0,0,0,0,0,0,0,0,0,0,0
30.9,IONIQ6,0,0,0,0,0,0,0,0,0,0,0,0,0
31,IONIQ6,0,0,0,0,0,0,0,0,0,0,0,0,0
31.1,IONIQ6,0,0,0,0,0,0,0,0,0,0,0,0,0
31.2,IONIQ6,0,0,0,0,0,0,0,0,0,0,0,0,0
31.3,IONIQ6,0,0,0,0,0,0,0,0,0,0,0,0,0
31.4,IONIQ6,0,0,0,0,0,0,0,0,0,0,0,0,0
31.5,IONIQ6,0,0,0,0,0,0,0,0,0,0,0,0,0
31.6,IONIQ6,0,0,0,0,0,0,0,0,0,0,0,0,0
31.7,IONIQ6,0,0,0,0,0,0,0,0,0,0,0,0,0
31.8,IONIQ6,0,0,0,0,0,0,0,0,0,0,0,0,0
31.9,IONIQ6,0,0,0,0,0,0,0,0,0,0,0,0,0
32,IONIQ6,0,0,0,0,0,0,0,0,0,0,0,0,0
32.1,IONIQ6,0,0,0,0,0,0,0,0,0,0,0,0,0
32.2,IONIQ6,0,0,0,0,0,0,0,0,0,0,0,0,0
32.3,IONIQ6,0,0,0,0,0,0,0,0,0,0,0,0,0
32.4,IONIQ6,0,0,0,0,0,0,0,0,0,0,0,0,0
32.5,IONIQ6,0,0,0,0,0,0,0,0,0,0,0,0,0
32.6,IONIQ6,0,0,0,0,0,0,0,0,0,0,0,0,0
32.7,IONIQ6,0,0,0,0,0,0,0,0,0,0,0,0,0
32.8,IONIQ6,0,0,0,0,0,0,0,0,0,0,0,0,0
32.9,IONIQ6,0,0,0,0,0,0,0,0,0,0,0,0,0
33,IONIQ6,0,0,0,0,0,0,0,0,0,0,0,0,0
33.1,IONIQ6,0,0,0,0,0,0,0,0,0,0,0,0,0
33.2,IONIQ6,0,0,0,0,0,0,0,0,0,0,0,0,0
33.3,IONIQ6,0,0,0,0,0,0,0,0,0,0,0,0,0
33.4,IONIQ6,0,0,0,0,0,0,0,0,0,0,0,0,0
33.5,IONIQ6,0,0,0,0,0,0,0,0,0,0,0,0,0
33.6,IONIQ6,0,0,0,0,0,0,0,0,0,0,0,0,0
33.7,IONIQ6,0,0,0,0,0,0,0,0,0,0,0,0,0
33.8,IONIQ6,0,0,0,0,0,0,0,0,0,0,0,0,0
33.9,IONIQ6,0,0,0,0,0,0,0,0,0,0,0,0,0
34,IONIQ6,0,0,0,0,0,0,0,0,0,0,0,0,0
34.1,IONIQ6,0,0,0,0,0,0,0,0,0,0,0,0,0
34.2,IONIQ6,0,0,0,0,0,0,0,0,0,0,0,0,0
34.3,IONIQ6,0,0,0,0,0,0,0,0,0,0,0,0,0
34.4,IONIQ6,0,0,0,0,0,0,0,0,0,0,0,0,0
34.5,IONIQ6,0,0,0,0,0,0,0,0,0,0,0,0,0
34.6,IONIQ6,0,0,0,0,0,0,0,0,0,0,0,0,0
34.7,IONIQ6,0,0,0,0,0,0,0,0,0,0,0,0,0
34.8,IONIQ6,0,0,0,0,0,0,0,0,0,0,0,0,0
34.9,IONIQ6,0,0,0,0,0,0,0,0,0,0,0,0,0
35,IONIQ6,0,0,0,0,0,0,0,0,0,0,0,0,0
35.1,IONIQ6,0,0,0,0,0,0,0,0,0,0,0,0,0
35.2,IONIQ6,0,0,0,0,0,0,0,0,0,0,0,0,0
35.3,IONIQ6,0,0,0,0,0,0,0,0,0,0,0,0,0
35.4,IONIQ6,0,0,0,0,0,0,0,0,0,0,0,0,0
35.5,IONIQ6,0,0,0,0,0,0,0,0,0,0,0,0,0
35.6,IONIQ6,0,0,0,0,0,0,0,0,0,0,0,0,0
35.7,IONIQ6,0,0,0,0,0,0,0,0,0,0,0,0,0
35.8,IONIQ6,0,0,0,0,0,0,0,0,0,0,0,0,0
35.9,IONIQ6,0,0,0,0,0,0,0,0,0,0,0,0,0
36,IONIQ6,0,0,0,0,0,0,0,0,0,0,0,0,0
36.1,IONIQ6,0,0,0,0,0,0,0,0,0,0,0,0,0
36.2,IONIQ6,0,0,0,0,0,0,0,0,0,0,0,0,0
36.3,IONIQ6,0,0,0,0,0,0,0,0,0,0,0,0,0
36.4,IONIQ6,0,0,0,0,0,0,0,0,0,0,0,0,0
36.5,IONIQ6,0,0,0,0,0,0,0,0,0,0,0,0,0
36.6,IONIQ6,0,0,0,0,0,0,0,0,0,0,0,0,0
36.7,IONIQ6,0,0,0,0,0,0,0,0,0,0,0,0,0
36.8,IONIQ6,0,0,0,0,0,0,0,0,0,0,0,0,0
36.9,IONIQ6,0,0,0,0,0,0,0,0,0,0,0,0,0
37,IONIQ6,0,0,0,0,0,0,0,0,0,0,0,0,0
37.1,IONIQ6,0,0,0,0,0,0,0,0,0,0,0,0,0
37.2,IONIQ6,0,0,0,0,0,0,0,0,0,0,0,0,0
37.3,IONIQ6,0,0,0,0,0,0,0,0,0,0,0,0,0
37.4,IONIQ6,0,0,0,0,0,0,0,0,0,0,0,0,0
37.5,IONIQ6,0,0,0,0,0,0,0,0,0,0,0,0,0
37.6,IONIQ6,0,0,0,0,0,0,0,0,0,0,0,0,0
37.7,IONIQ6,0,0,0,0,0,0,0,0,0,0,0,0,0
37.8,IONIQ6,0,0,0,0,0,0,0,0,0,0,0,0,0
37.9,IONIQ6,0,0,0,0,0,0,0,0,0,0,0,0,0
38,IONIQ6,0,0,0,0,0,0,0,0,0,0,0,0,0
38.1,IONIQ6,0,0,0,0,0,0,0,0,0,0,0,0,0
38.2,IONIQ6,0,0,0,0,0,0,0,0,0,0,0,0,0
38.3,IONIQ6,0,0,0,0,0,0,0,0,0,0,0,0,0
38.4,IONIQ6,0,0,0,0,0,0,0,0,0,0,0,0,0
38.5,IONIQ6,0,0,0,0,0,0,0,0,0,0,0,0,0
38.6,IONIQ6,0,0,0,0,0,0,0,0,0,0,0,0,0
38.7,IONIQ6,0,0,0,0,0,0,0,0,0,0,0,0,0
38.8,IONIQ6,0,0,0,0,0,0,0,0,0,0,0,0,0
38.9,IONIQ6,0,0,0,0,0,0,0,0,0,0,0,0,0
39,IONIQ6,0,0,0,0,0,0,0,0,0,0,0,0,0
39.1,IONIQ6,0,0,0,0,0,0,0,0,0,0,0,0,0
39.2,IONIQ6,0,0,0,0,0,0,0,0,0,0,0,0,0
39.3,IONIQ6,0,0,0,0,0,0,0,0,0,0,0,0,0
39.4,IONIQ6,0,0,0,0,0,0,0,0,0,0,0,0,0
39.5,IONIQ6,0,0,0,0,0,0,0,0,0,0,0,0,0
39.6,IONIQ6,0,0,0,0,0,0,0,0,0,0,0,0,0
39.7,IONIQ6,0,0,0,0,0,0,0,0,0,0,0,0,0
39.8,IONIQ6,0,0,0,0,0,0,0,0,0,0,0,0,0
39.9,IONIQ6,0,0,0,0,0,0,0,0,0,0,0,0,0
40,IONIQ6,0,0,0,0,0,0,0,0,0,0,0,0,0
40.1,IONIQ6,0,0,0,0,0,0,0,0,0,0,0,0,0
40.2,IONIQ6,0,0,0,0,0,0,0,0,0,0,0,0,0
40.3,IONIQ6,0,0,0,0,0,0,0,0,0,0,0,0,0
40.4,IONIQ6,0,0,0,0,0,0,0,0,0,0,0,0,0
40.5,IONIQ6,0,0,0,0,0,0,0,0,0,0,0,0,0
40.6,IONIQ6,0,0,0,0,0,0,0,0,0,0,0,0,0
40.7,IONIQ6,0,0,0,0,0,0,0,0,0,0,0,0,0
40.8,IONIQ6,0,0,0,0,0,0,0,0,0,0,0,0,0
40.9,IONIQ6,0,0,0,0,0,0,0,0,0,0,0,0,0
41,IONIQ6,0,0,0,0,0,0,0,0,0,0,0,0,0
41.1,IONIQ6,0,0,0,0,0,0,0,0,0,0,0,0,0
41.2,IONIQ6,0,0,0,0,0,0,0,0,0,0,0,0,0
41.3,IONIQ6,0,0,0,0,0,0,0,0,0,0,0,0,0
41.4,IONIQ6,0,0,0,0,0,0,0,0,0,0,0,0,0
41.5,IONIQ6,0,0,0,0,0,0,0,0,0,0,0,0,0
41.6,IONIQ6,0,0,0,0,0,0,0,0,0,0,0,0,0
41.7,IONIQ6,0,0,0,0,0,0,0,0,0,0,0,0,0
41.8,IONIQ6,0,0,0,0,0,0,0,0,0,0,0,0,0
41.9,IONIQ6,0,0,0,0,0,0,0,0,0,0,0,0,0
42,IONIQ6,0,0,0,0,0,0,0,0,0,0,0,0,0
42.1,IONIQ6,0,0,0,0,0,0,0,0,0,0,0,0,0
42.2,IONIQ6,0,0,0,0,0,0,0,0,0,0,0,0,0
42.3,IONIQ6,0,0,0,0,0,0,0,0,0,0,0,0,0
42.4,IONIQ6,0,0,0,0,0,0,0,0,0,0,0,0,0
42.5,IONIQ6,0,0,0,0,0,0,0,0,0,0,0,0,0
42.6,IONIQ6,0,0,0,0,0,0,0,0,0,0,0,0,0
42.7,IONIQ6,0,0,0,0,0,0,0,0,0,0,0,0,0
42.8,IONIQ6,0,0,0,0,0,0,0,0,0,0,0,0,0
42.9,IONIQ6,0,0,0,0,0,0,0,0,0,0,0,0,0
43,IONIQ6,0,0,0,0,0,0,0,0,0,0,0,0,0
43.1,IONIQ6,0,0,0,0,0,0,0,0,0,0,0,0,0
43.2,IONIQ6,0,0,0,0,0,0,0,0,0,0,0,0,0
43.3,IONIQ6,0,0,0,0,0,0,0,0,0,0,0,0,0
43.4,IONIQ6,0,0,0,0,0,0,0,0,0,0,0,0,0
43.5,IONIQ6,0,0,0,0,0,0,0,0,0,0,0,0,0
43.6,IONIQ6,0,0,0,0,0,0,0,0,0,0,0,0,0
43.7,IONIQ6,0,0,0,0,0,0,0,0,0,0,0,0,0
43.8,IONIQ6,0,0,0,0,0,0,0,0,0,0,0,0,0
43.9,IONIQ6,0,0,0,0,0,0,0,0,0,0,0,0,0
44,IONIQ6,0,0,0,0,0,0,0,0,0,0,0,0,0
44.1,IONIQ6,0,0,0,0,0,0,0,0,0,0,0,0,0
44.2,IONIQ6,0,0,0,0,0,0,0,0,0,0,0,0,0
44.3,IONIQ6,0,0,0,0,0,0,0,0,0,0,0,0,0
44.4,IONIQ6,0,0,0,0,0,0,0,0,0,0,0,0,0
44.5,IONIQ6,0,0,0,0,0,0,0,0,0,0,0,0,0
44.6,IONIQ6,0,0,0,0,0,0,0,0,0,0,0,0,0
44.7,IONIQ6,0,0,0,0,0,0,0,0,0,0,0,0,0
44.8,IONIQ6,0,0,0,0,0,0,0,0,0,0,0,0,0
44.9,IONIQ6,0,0,0,0,0,0,0,0,0,0,0,0,0
45,IONIQ6,0,0,0,0,0,0,0,0,0,0,0,0,0
45.1,IONIQ6,0,0,0,0,0,0,0,0,0,0,0,0,0
45.2,IONIQ6,0,0,0,0,0,0,0,0,0,0,0,0,0
45.3,IONIQ6,0,0,0,0,0,0,0,0,0,0,0,0,0
45.4,IONIQ6,0,0,0,0,0,0,0,0,0,0,0,0,0
45.5,IONIQ6,0,0,0,0,0,0,0,0,0,0,0,0,0
45.6,IONIQ6,0,0,0,0,0,0,0,0,0,0,0,0,0
45.7,IONIQ6,0,0,0,0,0,0,0,0,0,0,0,0,0
45.8,IONIQ6,0,0,0,0,0,0,0,0,0,0,0,0,0
45.9,IONIQ6,0,0,0,0,0,0,0,0,0,0,0,0,0
46,IONIQ6,0,0,0,0,0,0,0,0,0,0,0,0,0
46.1,IONIQ6,0,0,0,0,0,0,0,0,0,0,0,0,0
46.2,IONIQ6,0,0,0,0,0,0,0,0,0,0,0,0,0
46.3,IONIQ6,0,0,0,0,0,0,0,0,0,0,0,0,0
46.4,IONIQ6,0,0,0,0,0,0,0,0,0,0,0,0,0
46.5,IONIQ6,0,0,0,0,0,0,0,0,0,0,0,0,0
46.6,IONIQ6,0,0,0,0,0,0,0,0,0,0,0,0,0
46.7,IONIQ6,0,0,0,0,0,0,0,0,0,0,0,0,0
46.8,IONIQ6,0,0,0,0,0,0,0,0,0,0,0,0,0
46.9,IONIQ6,0,0,0,0,0,0,0,0,0,0,0,0,0
47,IONIQ6,0,0,0,0,0,0,0,0,0,0,0,0,0
47.1,IONIQ6,0,0,0,0,0,0,0,0,0,0,0,0,0
47.2,IONIQ6,0,0,0,0,0,0,0,0,0,0,0,0,0
47.3,IONIQ6,0,0,0,0,0,0,0,0,0,0,0,0,0
47.4,IONIQ6,0,0,0,0,0,0,0,0,0,0,0,0,0
47.5,IONIQ6,0,0,0,0,0,0,0,0,0,0,0,0,0
47.6,IONIQ6,0,0,0,0,0,0,0,0,0,0,0,0,0
47.7,IONIQ6,0,0,0,0,0,0,0,0,0,0,0,0,0
47.8,IONIQ6,0,0,0,0,0,0,0,0,0,0,0,0,0
47.9,IONIQ6,0,0,0,0,0,0,0,0,0,0,0,0,0
48,IONIQ6,0,0,0,0,0,0,0,0,0,0,0,0,0
48.1,IONIQ6,0,0,0,0,0,0,0,0,0,0,0,0,0
48.2,IONIQ6,0,0,0,0,0,0,0,0,0,0,0,0,0
48.3,IONIQ6,0,0,0,0,0,0,0,0,0,0,0,0,0
48.4,IONIQ6,0,0,0,0,0,0,0,0,0,0,0,0,0
48.5,IONIQ6,0,0,0,0,0,0,0,0,0,0,0,0,0
48.6,IONIQ6,0,0,0,0,0,0,0,0,0,0,0,0,0
48.7,IONIQ6,0,0,0,0,0,0,0,0,0,0,0,0,0
48.8,IONIQ6,0,0,0,0,0,0,0,0,0,0,0,0,0
48.9,IONIQ6,0,0,0,0,0,0,0,0,0,0,0,0,0
49,IONIQ6,0,0,0,0,0,0,0,0,0,0,0,0,0
49.1,IONIQ6,0,0,0,0,0,0,0,0,0,0,0,0,0
49.2,IONIQ6,0,0,0,0,0,0,0,0,0,0,0,0,0
49.3,IONIQ6,0,0,0,0,0,0,0,0,0,0,0,0,0
49.4,IONIQ6,0,0,0,0,0,0,0,0,0,0,0,0,0
49.5,IONIQ6,0,0,0,0,0,0,0,0,0,0,0,0,0
49.6,IONIQ6,0,0,0,0,0,0,0,0,0,0,0,0,0
49.7,IONIQ6,0,0,0,0,0,0,0,0,0,0,0,0,0
49.8,IONIQ6,0,0,0,0,0,0,0,0,0,0,0,0,0
49.9,IONIQ6,0,0,0,0,0,0,0,0,0,0,0,0,0
50,IONIQ6,0,0,0,0,0,0,0,0,0,0,0,0,0
50.1,IONIQ6,0,0,0,0,0,0,0,0,0,0,0,0,0
50.2,IONIQ6,0,0,0,0,0,0,0,0,0,0,0,0,0
50.3,IONIQ6,0,0,0,0,0,0,0,0,0,0,0,0,0
50.4,IONIQ6,0,0,0,0,0,0,0,0,0,0,0,0,0
50.5,IONIQ6,0,0,0,0,0,0,0,0,0,0,0,0,0
50.6,IONIQ6,0,0,0,0,0,0,0,0,0,0,0,0,0
50.7,IONIQ6,0,0,0,0,0,0,0,0,0,0,0,0,0
50.8,IONIQ6,0,0,0,0,0,0,0,0,0,0,0,0,0
50.9,IONIQ6,0,0,0,0,0,0,0,0,0,0,0,0,0
51,IONIQ6,0,0,0,0,0,0,0,0,0,0,0,0,0
51.1,IONIQ6,0,0,0,0,0,0,0,0,0,0,0,0,0
51.2,IONIQ6,0,0,0,0,0,0,0,0,0,0,0,0,0
51.3,IONIQ6,0,0,0,0,0,0,0,0,0,0,0,0,0
51.4,IONIQ6,0,0,0,0,0,0,0,0,0,0,0,0,0
51.5,IONIQ6,0,0,0,0,0,0,0,0,0,0,0,0,0
51.6,IONIQ6,0,0,0,0,0,0,0,0,0,0,0,0,0
51.7,IONIQ6,0,0,0,0,0,0,0,0,0,0,0,0,0
51.8,IONIQ6,0,0,0,0,0,0,0,0,0,0,0,0,0
51.9,IONIQ6,0,0,0,0,0,0,0,0,0,0,0,0,0
52,IONIQ6,0,0,0,0,0,0,0,0,0,0,0,0,0
52.1,IONIQ6,0,0,0,0,0,0,0,0,0,0,0,0,0
52.2,IONIQ6,0,0,0,0,0,0,0,0,0,0,0,0,0
52.3,IONIQ6,0,0,0,0,0,0,0,0,0,0,0,0,0
52.4,IONIQ6,0,0,0,0,0,0,0,0,0,0,0,0,0
52.5,IONIQ6,0,0,0,0,0,0,0,0,0,0,0,0,0
52.6,IONIQ6,0,0,0,0,0,0,0,0,0,0,0,0,0
52.7,IONIQ6,0,0,0,0,0,0,0,0,0,0,0,0,0
52.8,IONIQ6,0,0,0,0,0,0,0,0,0,0,0,0,0
52.9,IONIQ6,0,0,0,0,0,0,0,0,0,0,0,0,0
53,IONIQ6,0,0,0,0,0,0,0,0,0,0,0,0,0
53.1,IONIQ6,0,0,0,0,0,0,0,0,0,0,0,0,0
53.2,IONIQ6,0,0,0,0,0,0,0,0,0,0,0,0,0
53.3,IONIQ6,0,0,0,0,0,0,0,0,0,0,0,0,0
53.4,IONIQ6,0,0,0,0,0,0,0,0,0,0,0,0,0
53.5,IONIQ6,0,0,0,0,0,0,0,0,0,0,0,0,0
53.6,IONIQ6,0,0,0,0,0,0,0,0,0,0,0,0,0
53.7,IONIQ6,0,0,0,0,0,0,0,0,0,0,0,0,0
53.8,IONIQ6,0,0,0,0,0,0,0,0,0,0,0,0,0
53.9,IONIQ6,0,0,0,0,0,0,0,0,0,0,0,0,0
54,IONIQ6,0,0,0,0,0,0,0,0,0,0,0,0,0
54.1,IONIQ6,0,0,0,0,0,0,0,0,0,0,0,0,0
54.2,IONIQ6,0,0,0,0,0,0,0,0,0,0,0,0,0
54.3,IONIQ6,0,0,0,0,0,0,0,0,0,0,0,0,0
54.4,IONIQ6,0,0,0,0,0,0,0,0,0,0,0,0,0
54.5,IONIQ6,0,0,0,0,0,0,0,0,0,0,0,0,0
54.6,IONIQ6,0,0,0,0,0,0,0,0,0,0,0,0,0
54.7,IONIQ6,0,0,0,0,0,0,0,0,0,0,0,0,0
54.8,IONIQ6,0,0,0,0,0,0,0,0,0,0,0,0,0
54.9,IONIQ6,0,0,0,0,0,0,0,0,0,0,0,0,0
55,IONIQ6,0,0,0,0,0,0,0,0,0,0,0,0,0
55.1,IONIQ6,0,0,0,0,0,0,0,0,0,0,0,0,0
55.2,IONIQ6,0,0,0,0,0,0,0,0,0,0,0,0,0
55.3,IONIQ6,0,0,0,0,0,0,0,0,0,0,0,0,0
55.4,IONIQ6,0,0,0,0,0,0,0,0,0,0,0,0,0
55.5,IONIQ6,0,0,0,0,0,0,0,0,0,0,0,0,0
55.6,IONIQ6,0,0,0,0,0,0,0,0,0,0,0,0,0
55.7,IONIQ6,0,0,0,0,0,0,0,0,0,0,0,0,0
55.8,IONIQ6,0,0,0,0,0,0,0,0,0,0,0,0,0
55.9,IONIQ6,0,0,0,0,0,0,0,0,0,0,0,0,0
56,IONIQ6,0,0,0,0,0,0,0,0,0,0,0,0,0
56.1,IONIQ6,0,0,0,0,0,0,0,0,0,0,0,0,0
56.2,IONIQ6,0,0,0,0,0,0,0,0,0,0,0,0,0
56.3,IONIQ6,0,0,0,0,0,0,0,0,0,0,0,0,0
56.4,IONIQ6,0,0,0,0,0,0,0,0,0,0,0,0,0
56.5,IONIQ6,0,0,0,0,0,0,0,0,0,0,0,0,0
56.6,IONIQ6,0,0,0,0,0,0,0,0,0,0,0,0,0
56.7,IONIQ6,0,0,0,0,0,0,0,0,0,0,0,0,0
56.8,IONIQ6,0,0,0,0,0,0,0,0,0,0,0,0,0
56.9,IONIQ6,0,0,0,0,0,0,0,0,0,0,0,0,0
57,IONIQ6,0,0,0,0,0,0,0,0,0,0,0,0,0
57.1,IONIQ6,0,0,0,0,0,0,0,0,0,0,0,0,0
57.2,IONIQ6,0,0,0,0,0,0,0,0,0,0,0,0,0
57.3,IONIQ6,0,0,0,0,0,0,0,0,0,0,0,0,0
57.4,IONIQ6,0,0,0,0,0,0,0,0,0,0,0,0,0
57.5,IONIQ6,0,0,0,0,0,0,0,0,0,0,0,0,0
57.6,IONIQ6,0,0,0,0,0,0,0,0,0,0,0,0,0
57.7,IONIQ6,0,0,0,0,0,0,0,0,0,0,0,0,0
57.8,IONIQ6,0,0,0,0,0,0,0,0,0,0,0,0,0
57.9,IONIQ6,0,0,0,0,0,0,0,0,0,0,0,0,0
58,IONIQ6,0,0,0,0,0,0,0,0,0,0,0,0,0
58.1,IONIQ6,0,0,0,0,0,0,0,0,0,0,0,0,0
58.2,IONIQ6,0,0,0,0,0,0,0,0,0,0,0,0,0
58.3,IONIQ6,0,0,0,0,0,0,0,0,0,0,0,0,0
58.4,IONIQ6,0,0,0,0,0,0,0,0,0,0,0,0,0
58.5,IONIQ6,0,0,0,0,0,0,0,0,0,0,0,0,0
58.6,IONIQ6,0,0,0,0,0,0,0,0,0,0,0,0,0
58.7,IONIQ6,0,0,0,0,0,0,0,0,0,0,0,0,0
58.8,IONIQ6,0,0,0,0,0,0,0,0,0,0,0,0,0
58.9,IONIQ6,0,0,0,0,0,0,0,0,0,0,0,0,0
59,IONIQ6,0,0,0,0,0,0,0,0,0,0,0,0,0
59.1,IONIQ6,0,0,0,0,0,0,0,0,0,0,0,0,0
59.2,IONIQ6,0,0,0,0,0,0,0,0,0,0,0,0,0
59.3,IONIQ6,0,0,0,0,0,0,0,0,0,0,0,0,0
59.4,IONIQ6,0,0,0,0,0,0,0,0,0,0,0,0,0
59.5,IONIQ6,0,0,0,0,0,0,0,0,0,0,0,0,0
59.6,IONIQ6,0,0,0,0,0,0,0,0,0,0,0,0,0
59.7,IONIQ6,0,0,0,0,0,0,0,0,0,0,0,0,0
59.8,IONIQ6,0,0,0,0,0,0,0,0,0,0,0,0,0
59.9,IONIQ6,0,0,0,0,0,0,0,0,0,0,0,0,0
60,IONIQ6,0,0,0,0,0,0,0,0,0,0,0,0,0
60.1,IONIQ6,0,0,0,0,0,0,0,0,0,0,0,0,0
60.2,IONIQ6,0,0,0,0,0,0,0,0,0,0,0,0,0
60.3,IONIQ6,0,0,0,0,0,0,0,0,0,0,0,0,0
60.4,IONIQ6,0,0,0,0,0,0,0,0,0,0,0,0,0
60.5,IONIQ6,0,0,0,0,0,0,0,0,0,0,0,0,0
60.6,IONIQ6,0,0,0,0,0,0,0,0,0,0,0,0,0
60.7,IONIQ6,0,0,0,0,0,0,0,0,0,0,0,0,0
60.8,IONIQ6,0,0,0,0,0,0,0,0,0,0,0,0,0
60.9,IONIQ6,0,0,0,0,0,0,0,0,0,0,0,0,0
61,IONIQ6,0,0,0,0,0,0,0,0,0,0,0,0,0
61.1,IONIQ6,0,0,0,0,0,0,0,0,0,0,0,0,0
61.2,IONIQ6,0,0,0,0,0,0,0,0,0,0,0,0,0
61.3,IONIQ6,0,0,0,0,0,0,0,0,0,0,0,0,0
61.4,IONIQ6,0,0,0,0,0,0,0,0,0,0,0,0,0
61.5,IONIQ6,0,0,0,0,0,0,0,0,0,0,0,0,0
61.6,IONIQ6,0,0,0,0,0,0,0,0,0,0,0,0,0
61.7,IONIQ6,0,0,0,0,0,0,0,0,0,0,0,0,0
61.8,IONIQ6,0,0,0,0,0,0,0,0,0,0,0,0,0
61.9,IONIQ6,0,0,0,0,0,0,0,0,0,0,0,0,0
62,IONIQ6,0,0,0,0,0,0,0,0,0,0,0,0,0
62.1,IONIQ6,0,0,0,0,0,0,0,0,0,0,0,0,0
62.2,IONIQ6,0,0,0,0,0,0,0,0,0,0,0,0,0
62.3,IONIQ6,0,0,0,0,0,0,0,0,0,0,0,0,0
62.4,IONIQ6,0,0,0,0,0,0,0,0,0,0,0,0,0
62.5,IONIQ6,0,0,0,0,0,0,0,0,0,0,0,0,0
62.6,IONIQ6,0,0,0,0,0,0,0,0,0,0,0,0,0
62.7,IONIQ6,0,0,0,0,0,0,0,0,0,0,0,0,0
62.8,IONIQ6,0,0,0,0,0,0,0,0,0,0,0,0,0
62.9,IONIQ6,0,0,0,0,0,0,0,0,0,0,0,0,0
63,IONIQ6,0,0,0,0,0,0,0,0,0,0,0,0,0
63.1,IONIQ6,0,0,0,0,0,0,0,0,0,0,0,0,0
63.2,IONIQ6,0,0,0,0,0,0,0,0,0,0,0,0,0
63.3,IONIQ6,0,0,0,0,0,0,0,0,0,0,0,0,0
63.4,IONIQ6,0,0,0,0,0,0,0,0,0,0,0,0,0
63.5,IONIQ6,0,0,0,0,0,0,0,0,0,0,0,0,0
63.6,IONIQ6,0,0,0,0,0,0,0,0,0,0,0,0,0
63.7,IONIQ6,0,0,0,0,0,0,0,0,0,0,0,0,0
63.8,IONIQ6,0,0,0,0,0,0,0,0,0,0,0,0,0
63.9,IONIQ6,0,0,0,0,0,0,0,0,0,0,0,0,0
64,IONIQ6,0,0,0,0,0,0,0,0,0,0,0,0,0
64.1,IONIQ6,0,0,0,0,0,0,0,0,0,0,0,0,0
64.2,IONIQ6,0,0,0,0,0,0,0,0,0,0,0,0,0
64.3,IONIQ6,0,0,0,0,0,0,0,0,0,0,0,0,0
64.4,IONIQ6,0,0,0,0,0,0,0,0,0,0,0,0,0
64.5,IONIQ6,0,0,0,0,0,0,0,0,0,0,0,0,0
64.6,IONIQ6,0,0,0,0,0,0,0,0,0,0,0,0,0
64.7,IONIQ6,0,0,0,0,0,0,0,0,0,0,0,0,0
64.8,IONIQ6,0,0,0,0,0,0,0,0,0,0,0,0,0
64.9,IONIQ6,0,0,0,0,0,0,0,0,0,0,0,0,0
65,IONIQ6,0,0,0,0,0,0,0,0,0,0,0,0,0
65.1,IONIQ6,0,0,0,0,0,0,0,0,0,0,0,0,0
65.2,IONIQ6,0,0,0,0,0,0,0,0,0,0,0,0,0
65.3,IONIQ6,0,0,0,0,0,0,0,0,0,0,0,0,0
65.4,IONIQ6,0,0,0,0,0,0,0,0,0,0,0,0,0
65.5,IONIQ6,0,0,0,0,0,0,0,0,0,0,0,0,0
65.6,IONIQ6,0,0,0,0,0,0,0,0,0,0,0,0,0
65.7,IONIQ6,0,0,0,0,0,0,0,0,0,0,0,0,0
65.8,IONIQ6,0,0,0,0,0,0,0,0,0,0,0,0,0
65.9,IONIQ6,0,0,0,0,0,0,0,0,0,0,0,0,0
66,IONIQ6,0,0,0,0,0,0,0,0,0,0,0,0,0
66.1,IONIQ6,0,0,0,0,0,0,0,0,0,0,0,0,0
66.2,IONIQ6,0,0,0,0,0,0,0,0,0,0,0,0,0
66.3,IONIQ6,0,0,0,0,0,0,0,0,0,0,0,0,0
66.4,IONIQ6,0,0,0,0,0,0,0,0,0,0,0,0,0
66.5,IONIQ6,0,0,0,0,0,0,0,0,0,0,0,0,0
66.6,IONIQ6,0,0,0,0,0,0,0,0,0,0,0,0,0
66.7,IONIQ6,0,0,0,0,0,0,0,0,0,0,0,0,0
66.8,IONIQ6,0,0,0,0,0,0,0,0,0,0,0,0,0
66.9,IONIQ6,0,0,0,0,0,0,0,0,0,0,0,0,0
67,IONIQ6,0,0,0,0,0,0,0,0,0,0,0,0,0
67.1,IONIQ6,0,0,0,0,0,0,0,0,0,0,0,0,0
67.2,IONIQ6,0,0,0,0,0,0,0,0,0,0,0,0,0
67.3,IONIQ6,0,0,0,0,0,0,0,0,0,0,0,0,0
67.4,IONIQ6,0,0,0,0,0,0,0,0,0,0,0,0,0
67.5,IONIQ6,0,0,0,0,0,0,0,0,0,0,0,0,0
67.6,IONIQ6,0,0,0,0,0,0,0,0,0,0,0,0,0
67.7,IONIQ6,0,0,0,0,0,0,0,0,0,0,0,0,0
67.8,IONIQ6,0,0,0,0,0,0,0,0,0,0,0,0,0
67.9,IONIQ6,0,0,0,0,0,0,0,0,0,0,0,0,0
68,IONIQ6,0,0,0,0,0,0,0,0,0,0,0,0,0
68.1,IONIQ6,0,0,0,0,0,0,0,0,0,0,0,0,0
68.2,IONIQ6,0,0,0,0,0,0,0,0,0,0,0,0,0
68.3,IONIQ6,0,0,0,0,0,0,0,0,0,0,0,0,0
68.4,IONIQ6,0,0,0,0,0,0,0,0,0,0,0,0,0
68.5,IONIQ6,0,0,0,0,0,0,0,0,0,0,0,0,0
68.6,IONIQ6,0,0,0,0,0,0,0,0,0,0,0,0,0
68.7,IONIQ6,0,0,0,0,0,0,0,0,0,0,0,0,0
68.8,IONIQ6,0,0,0,0,0,0,0,0,0,0,0,0,0
68.9,IONIQ6,0,0,0,0,0,0,0,0,0,0,0,0,0
69,IONIQ6,0,0,0,0,0,0,0,0,0,0,0,0,0
69.1,IONIQ6,0,0,0,0,0,0,0,0,0,0,0,0,0
69.2,IONIQ6,0,0,0,0,0,0,0,0,0,0,0,0,0
69.3,IONIQ6,0,0,0,0,0,0,0,0,0,0,0,0,0
69.4,IONIQ6,0,0,0,0,0,0,0,0,0,0,0,0,0
69.5,IONIQ6,0,0,0,0,0,0,0,0,0,0,0,0,0
69.6,IONIQ6,0,0,0,0,0,0,0,0,0,0,0,0,0
69.7,IONIQ6,0,0,0,0,0,0,0,0,0,0,0,0,0
69.8,IONIQ6,0,0,0,0,0,0,0,0,0,0,0,0,0
69.9,IONIQ6,0,0,0,0,0,0,0,0,0,0,0,0,0
70,IONIQ6,0,0,0,0,0,0,0,0,0,0,0,0,0
70.1,IONIQ6,0,0,0,0,0,0,0,0,0,0,0,0,0
70.2,IONIQ6,0,0,0,0,0,0,0,0,0,0,0,0,0
70.3,IONIQ6,0,0,0,0,0,0,0,0,0,0,0,0,0
70.4,IONIQ6,0,0,0,0,0,0,0,0,0,0,0,0,0
70.5,IONIQ6,0,0,0,0,0,0,0,0,0,0,0,0,0
70.6,IONIQ6,0,0,0,0,0,0,0,0,0,0,0,0,0
70.7,IONIQ6,0,0,0,0,0,0,0,0,0,0,0,0,0
70.8,IONIQ6,0,0,0,0,0,0,0,0,0,0,0,0,0
70.9,IONIQ6,0,0,0,0,0,0,0,0,0,0,0,0,0
71,IONIQ6,0,0,0,0,0,0,0,0,0,0,0,0,0
71.1,IONIQ6,0,0,0,0,0,0,0,0,0,0,0,0,0
71.2,IONIQ6,0,0,0,0,0,0,0,0,0,0,0,0,0
71.3,IONIQ6,0,0,0,0,0,0,0,0,0,0,0,0,0
71.4,IONIQ6,0,0,0,0,0,0,0,0,0,0,0,0,0
71.5,IONIQ6,0,0,0,0,0,0,0,0,0,0,0,0,0
71.6,IONIQ6,0,0,0,0,0,0,0,0,0,0,0,0,0
71.7,IONIQ6,0,0,0,0,0,0,0,0,0,0,0,0,0
71.8,IONIQ6,0,0,0,0,0,0,0,0,0,0,0,0,0
71.9,IONIQ6,0,0,0,0,0,0,0,0,0,0,0,0,0
72,IONIQ6,0,0,0,0,0,0,0,0,0,0,0,0,0
72.1,IONIQ6,0,0,0,0,0,0,0,0,0,0,0,0,0
72.2,IONIQ6,0,0,0,0,0,0,0,0,0,0,0,0,0
72.3,IONIQ6,0,0,0,0,0,0,0,0,0,0,0,0,0
72.4,IONIQ6,0,0,0,0,0,0,0,0,0,0,0,0,0
72.5,IONIQ6,0,0,0,0,0,0,0,0,0,0,0,0,0
72.6,IONIQ6,0,0,0,0,0,0,0,0,0,0,0,0,0
72.7,IONIQ6,0,0,0,0,0,0,0,0,0,0,0,0,0
72.8,IONIQ6,0,0,0,0,0,0,0,0,0,0,0,0,0
72.9,IONIQ6,0,0,0,0,0,0,0,0,0,0,0,0,0
73,IONIQ6,0,0,0,0,0,0,0,0,0,0,0,0,0
73.1,IONIQ6,0,0,0,0,0,0,0,0,0,0,0,0,0
73.2,IONIQ6,0,0,0,0,0,0,0,0,0,0,0,0,0
73.3,IONIQ6,0,0,0,0,0,0,0,0,0,0,0,0,0
73.4,IONIQ6,0,0,0,0,0,0,0,0,0,0,0,0,0
73.5,IONIQ6,0,0,0,0,0,0,0,0,0,0,0,0,0
73.6,IONIQ6,0,0,0,0,0,0,0,0,0,0,0,0,0
73.7,IONIQ6,0,0,0,0,0,0,0,0,0,0,0,0,0
73.8,IONIQ6,0,0,0,0,0,0,0,0,0,0,0,0,0
73.9,IONIQ6,0,0,0,0,0,0,0,0,0,0,0,0,0
74,IONIQ6,0,0,0,0,0,0,0,0,0,0,0,0,0
74.1,IONIQ6,0,0,0,0,0,0,0,0,0,0,0,0,0
74.2,IONIQ6,0,0,0,0,0,0,0,0,0,0,0,0,0
74.3,IONIQ6,0,0,0,0,0,0,0,0,0,0,0,0,0
74.4,IONIQ6,0,0,0,0,0,0,0,0,0,0,0,0,0
74.5,IONIQ6,0,0,0,0,0,0,0,0,0,0,0,0,0
74.6,IONIQ6,0,0,0,0,0,0,0,0,0,0,0,0,0
74.7,IONIQ6,0,0,0,0,0,0,0,0,0,0,0,0,0
74.8,IONIQ6,0,0,0,0,0,0,0,0,0,0,0,0,0
74.9,IONIQ6,0,0,0,0,0,0,0,0,0,0,0,0,0
75,IONIQ6,0,0,0,0,0,0,0,0,0,0,0,0,0
75.1,IONIQ6,0,0,0,0,0,0,0,0,0,0,0,0,0
75.2,IONIQ6,0,0,0,0,0,0,0,0,0,0,0,0,0
75.3,IONIQ6,0,0,0,0,0,0,0,0,0,0,0,0,0
75.4,IONIQ6,0,0,0,0,0,0,0,0,0,0,0,0,0
75.5,IONIQ6,0,0,0,0,0,0,0,0,0,0,0,0,0
75.6,IONIQ6,0,0,0,0,0,0,0,0,0,0,0,0,0
75.7,IONIQ6,0,0,0,0,0,0,0,0,0,0,0,0,0
75.8,IONIQ6,0,0,0,0,0,0,0,0,0,0,0,0,0
75.9,IONIQ6,0,0,0,0,0,0,0,0,0,0,0,0,0
76,IONIQ6,0,0,0,0,0,0,0,0,0,0,0,0,0
76.1,IONIQ6,0,0,0,0,0,0,0,0,0,0,0,0,0
76.2,IONIQ6,0,0,0,0,0,0,0,0,0,0,0,0,0
76.3,IONIQ6,0,0,0,0,0,0,0,0,0,0,0,0,0
76.4,IONIQ6,0,0,0,0,0,0,0,0,0,0,0,0,0
76.5,IONIQ6,0,0,0,0,0,0,0,0,0,0,0,0,0
76.6,IONIQ6,0,0,0,0,0,0,0,0,0,0,0,0,0
76.7,IONIQ6,0,0,0,0,0,0,0,0,0,0,0,0,0
76.8,IONIQ6,0,0,0,0,0,0,0,0,0,0,0,0,0
76.9,IONIQ6,0,0,0,0,0,0,0,0,0,0,0,0,0
77,IONIQ6,0,0,0,0,0,0,0,0,0,0,0,0,0
77.1,IONIQ6,0,0,0,0,0,0,0,0,0,0,0,0,0
77.2,IONIQ6,0,0,0,0,0,0,0,0,0,0,0,0,0
77.3,IONIQ6,0,0,0,0,0,0,0,0,0,0,0,0,0
77.4,IONIQ6,0,0,0,0,0,0,0,0,0,0,0,0,0
77.5,IONIQ6,0,0,0,0,0,0,0,0,0,0,0,0,0
77.6,IONIQ6,0,0,0,0,0,0,0,0,0,0,0,0,0
77.7,IONIQ6,0,0,0,0,0,0,0,0,0,0,0,0,0
77.8,IONIQ6,0,0,0,0,0,0,0,0,0,0,0,0,0
77.9,IONIQ6,0,0,0,0,0,0,0,0,0,0,0,0,0
78,IONIQ6,0,0,0,0,0,0,0,0,0,0,0,0,0
78.1,IONIQ6,0,0,0,0,0,0,0,0,0,0,0,0,0
78.2,IONIQ6,0,0,0,0,0,0,0,0,0,0,0,0,0
78.3,IONIQ6,0,0,0,0,0,0,0,0,0,0,0,0,0
78.4,IONIQ6,0,0,0,0,0,0,0,0,0,0,0,0,0
78.5,IONIQ6,0,0,0,0,0,0,0,0,0,0,0,0,0
78.6,IONIQ6,0,0,0,0,0,0,0,0,0,0,0,0,0
78.7,IONIQ6,0,0,0,0,0,0,0,0,0,0,0,0,0
78.8,IONIQ6,0,0,0,0,0,0,0,0,0,0,0,0,0
78.9,IONIQ6,0,0,0,0,0,0,0,0,0,0,0,0,0
79,IONIQ6,0,0,0,0,0,0,0,0,0,0,0,0,0
79.1,IONIQ6,0,0,0,0,0,0,0,0,0,0,0,0,0
79.2,IONIQ6,0,0,0,0,0,0,0,0,0,0,0,0,0
79.3,IONIQ6,0,0,0,0,0,0,0,0,0,0,0,0,0
79.4,IONIQ6,0,0,0,0,0,0,0,0,0,0,0,0,0
79.5,IONIQ6,0,0,0,0,0,0,0,0,0,0,0,0,0
79.6,IONIQ6,0,0,0,0,0,0,0,0,0,0,0,0,0
79.7,IONIQ6,0,0,0,0,0,0,0,0,0,0,0,0,0
79.8,IONIQ6,0,0,0,0,0,0,0,0,0,0,0,0,0
79.9,IONIQ6,0,0,0,0,0,0,0,0,0,0,0,0,0
80,IONIQ6,0,0,0,0,0,0,0,0,0,0,0,0,0
80.1,IONIQ6,0,0,0,0,0,0,0,0,0,0,0,0,0
80.2,IONIQ6,0,0,0,0,0,0,0,0,0,0,0,0,0
80.3,IONIQ6,0,0,0,0,0,0,0,0,0,0,0,0,0
80.4,IONIQ6,0,0,0,0,0,0,0,0,0,0,0,0,0
80.5,IONIQ6,0,0,0,0,0,0,0,0,0,0,0,0,0
80.6,IONIQ6,0,0,0,0,0,0,0,0,0,0,0,0,0
80.7,IONIQ6,0,0,0,0,0,0,0,0,0,0,0,0,0
80.8,IONIQ6,0,0,0,0,0,0,0,0,0,0,0,0,0
80.9,IONIQ6,0,0,0,0,0,0,0,0,0,0,0,0,0
81,IONIQ6,0,0,0,0,0,0,0,0,0,0,0,0,0
81.1,IONIQ6,0,0,0,0,0,0,0,0,0,0,0,0,0
81.2,IONIQ6,0,0,0,0,0,0,0,0,0,0,0,0,0
81.3,IONIQ6,0,0,0,0,0,0,0,0,0,0,0,0,0
81.4,IONIQ6,0,0,0,0,0,0,0,0,0,0,0,0,0
81.5,IONIQ6,0,0,0,0,0,0,0,0,0,0,0,0,0
81.6,IONIQ6,0,0,0,0,0,0,0,0,0,0,0,0,0
81.7,IONIQ6,0,0,0,0,0,0,0,0,0,0,0,0,0
81.8,IONIQ6,0,0,0,0,0,0,0,0,0,0,0,0,0
81.9,IONIQ6,0,0,0,0,0,0,0,0,0,0,0,0,0
82,IONIQ6,0,0,0,0,0,0,0,0,0,0,0,0,0
82.1,IONIQ6,0,0,0,0,0,0,0,0,0,0,0,0,0
82.2,IONIQ6,0,0,0,0,0,0,0,0,0,0,0,0,0
82.3,IONIQ6,0,0,0,0,0,0,0,0,0,0,0,0,0
82.4,IONIQ6,0,0,0,0,0,0,0,0,0,0,0,0,0
82.5,IONIQ6,0,0,0,0,0,0,0,0,0,0,0,0,0
82.6,IONIQ6,0,0,0,0,0,0,0,0,0,0,0,0,0
82.7,IONIQ6,0,0,0,0,0,0,0,0,0,0,0,0,0
82.8,IONIQ6,0,0,0,0,0,0,0,0,0,0,0,0,0
82.9,IONIQ6,0,0,0,0,0,0,0,0,0,0,0,0,0
83,IONIQ6,0,0,0,0,0,0,0,0,0,0,0,0,0
83.1,IONIQ6,0,0,0,0,0,0,0,0,0,0,0,0,0
83.2,IONIQ6,0,0,0,0,0,0,0,0,0,0,0,0,0
83.3,IONIQ6,0,0,0,0,0,0,0,0,0,0,0,0,0
83.4,IONIQ6,0,0,0,0,0,0,0,0,0,0,0,0,0
83.5,IONIQ6,0,0,0,0,0,0,0,0,0,0,0,0,0
83.6,IONIQ6,0,0,0,0,0,0,0,0,0,0,0,0,0
83.7,IONIQ6,0,0,0,0,0,0,0,0,0,0,0,0,0
83.8,IONIQ6,0,0,0,0,0,0,0,0,0,0,0,0,0
83.9,IONIQ6,0,0,0,0,0,0,0,0,0,0,0,0,0
84,IONIQ6,0,0,0,0,0,0,0,0,0,0,0,0,0
84.1,IONIQ6,0,0,0,0,0,0,0,0,0,0,0,0,0
84.2,IONIQ6,0,0,0,0,0,0,0,0,0,0,0,0,0
84.3,IONIQ6,0,0,0,0,0,0,0,0,0,0,0,0,0
84.4,IONIQ6,0,0,0,0,0,0,0,0,0,0,0,0,0
84.5,IONIQ6,0,0,0,0,0,0,0,0,0,0,0,0,0
84.6,IONIQ6,0,0,0,0,0,0,0,0,0,0,0,0,0
84.7,IONIQ6,0,0,0,0,0,0,0,0,0,0,0,0,0
84.8,IONIQ6,0,0,0,0,0,0,0,0,0,0,0,0,0
84.9,IONIQ6,0,0,0,0,0,0,0,0,0,0,0,0,0
85,IONIQ6,0,0,0,0,0,0,0,0,0,0,0,0,0
85.1,IONIQ6,0,0,0,0,0,0,0,0,0,0,0,0,0
85.2,IONIQ6,0,0,0,0,0,0,0,0,0,0,0,0,0
85.3,IONIQ6,0,0,0,0,0,0,0,0,0,0,0,0,0
85.4,IONIQ6,0,0,0,0,0,0,0,0,0,0,0,0,0
85.5,IONIQ6,0,0,0,0,0,0,0,0,0,0,0,0,0
85.6,IONIQ6,0,0,0,0,0,0,0,0,0,0,0,0,0
85.7,IONIQ6,0,0,0,0,0,0,0,0,0,0,0,0,0
85.8,IONIQ6,0,0,0,0,0,0,0,0,0,0,0,0,0
85.9,IONIQ6,0,0,0,0,0,0,0,0,0,0,0,0,0
86,IONIQ6,0,0,0,0,0,0,0,0,0,0,0,0,0
86.1,IONIQ6,0,0,0,0,0,0,0,0,0,0,0,0,0
86.2,IONIQ6,0,0,0,0,0,0,0,0,0,0,0,0,0
86.3,IONIQ6,0,0,0,0,0,0,0,0,0,0,0,0,0
86.4,IONIQ6,0,0,0,0,0,0,0,0,0,0,0,0,0
86.5,IONIQ6,0,0,0,0,0,0,0,0,0,0,0,0,0
86.6,IONIQ6,0,0,0,0,0,0,0,0,0,0,0,0,0
86.7,IONIQ6,0,0,0,0,0,0,0,0,0,0,0,0,0
86.8,IONIQ6,0,0,0,0,0,0,0,0,0,0,0,0,0
86.9,IONIQ6,0,0,0,0,0,0,0,0,0,0,0,0,0
87,IONIQ6,0,0,0,0,0,0,0,0,0,0,0,0,0
87.1,IONIQ6,0,0,0,0,0,0,0,0,0,0,0,0,0
87.2,IONIQ6,0,0,0,0,0,0,0,0,0,0,0,0,0
87.3,IONIQ6,0,0,0,0,0,0,0,0,0,0,0,0,0
87.4,IONIQ6,0,0,0,0,0,0,0,0,0,0,0,0,0
